{
  "mesh": {
    "nodes": [],
    "connections": [],
    "elements": []
  },
  "view": {
    "offsetX": 946.6337417755261,
    "offsetY": 1564.2700650175937,
    "scale": 3.5617168780071884,
    "rotation": -1.5707963267948966
  },
  "appState": {
    "meshLoaded": false,
    "meshDisplayed": false
  }
}